ID,site,year,sl,body_depth,ap_length,ap_width,Jaw_length,ppl,ppw,dorsal_1,dorsal_2,pelvic_spine,sex,lp_no,rp_no
HG220241,lake,2022,63.96,15.78,6.12,1.18,4.6,7.67,3.4,3.45,3.96,4.92,M,0,0
HG220242,lake,2022,58.95,15.12,6.48,1.5,4.67,7.8,3.62,2.67,3.02,4.5,M,3,1
HG220243,lake,2022,51.99,13.57,5.26,1.08,4.13,5.92,2.31,3.28,3.82,5.36,M,3,3
HG220244,lake,2022,47.42,11.25,6,1.17,2.96,6.9,1.84,3.1,3.68,4.86,F,0,0
HG220245,lake,2022,56.23,12.51,6.63,1.13,3.6,6.51,2.15,2.6,3.79,5.92,F,0,0
HG220246,lake,2022,57.78,15.22,6.83,1.08,4.34,7.05,3.06,3.13,3.92,4.71,M,0,0
HG220247,lake,2022,55.56,13.73,5.28,1.23,4.22,6.89,2.79,NA,3.65,5.48,M,1,2
HG220248,lake,2022,54.78,13.39,5.95,1.21,3.67,6.44,3.08,2.75,3.86,5.02,F,2,1
HG220249,lake,2022,55.02,12.86,5.82,1.24,3.47,6.98,2.34,NA,2.86,4.67,F,2,1
HG220250,lake,2022,48.63,11.68,4.84,1.2,3.34,7.27,2.07,2.44,3.24,5.13,M,2,4
HG220251,lake,2022,55.81,13.17,6.2,1.23,3.57,6.82,2.22,3.26,3.73,5.26,F,3,3
HG220252,lake,2022,52.45,13.26,6.68,1.39,4.07,7.34,2.41,2.93,3.13,5.02,M,2,2
HG220253,lake,2022,47.33,10.88,5.44,1.04,2.95,6.95,1.83,3.26,3.67,5.44,F,2,2
HG220254,lake,2022,52.4,12.7,4.84,1.35,3.55,7.27,2.27,3.23,4.22,5.06,M,2,3
HG220255,lake,2022,53.28,12.87,5.74,1.41,3.42,6.59,2.13,3.42,4.62,5.47,F,2,2
HG220256,lake,2022,52.22,12.4,5.34,1.07,3.79,6.12,1.95,3.52,4.14,4.8,M,1,0
HG220257,lake,2022,56.15,12.7,5.59,1.29,3.55,7.21,2.43,3.19,4.08,5.12,F,2,2
HG220258,lake,2022,54.56,12.7,6.47,1.1,3.57,7.17,2.37,NA,3.62,4.39,F,3,3
HG220259,lake,2022,47.6,11.22,5.9,1.06,3.48,6.17,2.08,3.02,3.59,4.6,M,2,3
HG220260,lake,2022,47.38,11.16,5.5,1.3,3.02,6.18,1.67,2.69,3.51,5.52,F,3,4
HG220261,lake,2022,66.52,15.97,7.54,1.11,4.69,8.71,4.15,3.28,4.19,5.32,F,2,0
HG220262,lake,2022,53.38,12.7,5.48,1.19,4.33,8.11,2.31,3.48,3.68,5.59,M,3,2
HG220263,lake,2022,53.38,12.94,5.64,1.08,4.19,8,2.18,2.69,3.38,4.58,M,3,2
HG220264,lake,2022,48.42,12,6.2,1.06,3.52,7.16,2.03,2.1,3.6,5.16,M,1,0
HG220265,lake,2022,49.93,12.85,5.99,0.99,3.81,7.07,2.16,3.66,3.88,4.91,M,2,2
HG220266,lake,2022,61.41,14.19,7.08,1.48,4.18,7.72,3.21,3.28,4.18,5.08,F,3,2
HG220267,lake,2022,50.92,11.75,6.35,1.42,3.81,7.3,1.92,2.83,3.37,4.62,M,4,1
HG220268,lake,2022,46.73,11.18,4.79,1.11,3.2,6.06,1.7,NA,3.11,4.1,F,2,1
HG220269,lake,2022,64.97,14.7,6.42,1.18,4.45,9.14,3.57,2.9,2.96,4.86,F,3,3
HG220270,lake,2022,52.42,12.85,6.51,1.07,3.91,7.45,2.17,2.55,3.97,5.3,M,0,0
HG220271,lake,2022,47.58,11.6,5.02,1.04,3.31,6.59,2.1,2.38,3.9,4.48,M,4,3
HG220272,lake,2022,52.44,12.33,5.39,1.35,3.36,6.62,2.21,NA,3.61,4.73,F,0,0
HG220273,lake,2022,60.26,14.49,6.46,1.11,4.26,7.44,3.55,3.25,4.17,5.29,F,3,3
HG220274,lake,2022,50.81,12,6.44,1.14,3.83,7.98,2.4,2.32,3.48,4.76,M,0,0
HG220275,lake,2022,51.2,13.08,6.81,1.23,4.34,7.13,2.22,2.17,3.35,4.58,M,0,0
HG220276,lake,2022,49.41,11.31,5.68,1.05,3.43,6.96,2.08,NA,3.1,4.4,F,2,2
HG220277,lake,2022,50.48,12,5.57,1.38,3.9,6.45,2.03,2.09,3.6,4.65,M,3,2
HG220278,lake,2022,52.19,12.71,6.2,1.18,4.07,6.49,1.91,3.2,3.95,5.45,M,2,0
HG220279,lake,2022,51.28,12.75,6.26,1.3,3.56,6.76,2.5,2.6,3.61,4.91,M,2,0
HG220280,lake,2022,52.73,12.03,5.07,1.08,3.72,6.28,2.35,2.94,4.39,5.31,F,1,2
HG220281,lake,2022,51.86,12.39,6.51,1.22,4.31,7.41,2.21,3.49,4.12,5.43,M,3,2
HG220282,lake,2022,62.43,14.81,6.49,1.29,5.11,7.69,2.89,2.84,3.1,4.47,M,0,0
HG220283,lake,2022,52.69,13.76,6,1.32,4.04,7.75,2.61,NA,3.88,5.05,M,1,0
HG220284,lake,2022,52.33,12.87,5.9,1.11,3.99,6.92,2.6,2.91,3.51,4.57,M,3,4
HG220285,lake,2022,60.64,14.45,6.55,1.15,4.85,7.54,2.95,3.54,3.5,4.39,M,1,2
HG220286,lake,2022,47.96,12.51,6.15,1.55,3.9,6.7,2.28,2.75,3.61,5.95,M,3,3
HG220288,lake,2022,57.05,13.26,6.14,1.18,4.22,8.27,2.5,3.24,3.37,4.92,M,3,2
HG220289,lake,2022,48.6,11.1,5.85,1.1,3.24,6.29,2.31,3.11,3.64,5.14,F,3,2
HG220290,lake,2022,49.26,11.97,5.37,1.42,3.27,7.02,1.9,3.24,4.1,4.68,M,2,2
HG220291,lake,2022,50.38,12.56,5.32,1,3.95,7.32,2.08,3.31,4.17,4.91,M,3,2
HG220292,lake,2022,66.42,16.33,7.11,1.59,5.58,8.06,3.2,2.68,3.25,4.71,M,3,1
HG220293,lake,2022,52.39,12.07,4.86,1.17,3.67,5.51,1.72,2.55,3.44,5.23,M,2,1
HG220294,lake,2022,57.45,13.18,6.17,1.16,5.05,7.96,3.28,2.96,3.94,4.73,M,0,0
HG220295,lake,2022,59.19,14.28,6.04,1.29,4.82,6.82,2.62,3.04,3.26,4.73,M,0,0
HG220296,lake,2022,51.96,12.23,5.69,0.74,3.35,6.52,2.16,3.36,3.89,5.22,F,0,0
HG220297,lake,2022,61.33,14.65,7.63,1.28,5.28,8.07,2.89,3.04,3.48,4.68,M,2,1
HG220298,lake,2022,51.96,12.91,5.96,1.19,3.85,6.86,2.66,2.65,3.45,4.72,M,2,3
HG220299,lake,2022,46.13,10.66,5.56,1.18,3.35,6.27,2.27,3.31,3.58,4.69,M,2,2
HG220300,lake,2022,54.5,13.18,5.62,1.28,4.34,7.19,2.3,2.71,4,5.12,M,1,0
HG220301,lake,2022,50.7,11.18,6.12,1.14,3.55,6.61,2.46,NA,3.23,4.93,M,2,2
HG220302,lake,2022,59.27,14.46,7.36,1.3,5.1,7.76,3.14,3.43,3.57,4.66,M,2,0
HG220303,lake,2022,51.64,12.89,5.9,1.39,4.06,6.37,1.93,2.29,3.5,4.57,M,1,1
HG220304,lake,2022,47.52,10.23,5.15,0.95,3.13,4.58,1.88,2.33,3.43,4.26,F,0,0
HG220305,lake,2022,61.75,15.42,6.98,1.5,5.14,8.44,3.16,3.49,3.42,4.9,M,3,1
HG220306,lake,2022,55.02,13.47,5.86,1.35,3.96,6.48,3.1,2.22,2.86,4.7,F,2,2
HG220307,lake,2022,49.04,11.76,5.64,1.09,3.33,5.04,1.5,2.67,3.38,4.73,M,3,2
HG220308,lake,2022,50.95,11.96,5.7,1.13,3.42,6.29,2.44,3.64,4.34,5.5,F,2,3
HG220309,lake,2022,50.76,12.92,6.03,1.29,3.94,6.71,2.23,NA,3.68,5.26,M,3,3
HG220310,lake,2022,59.28,14.41,7.18,1.57,5.29,8.15,3.17,2.52,3.8,5.12,F,3,3
HG220311,lake,2022,49.25,11.91,5.62,0.74,3.19,5.72,1.86,2.76,3.64,4.91,F,2,1
HG220312,lake,2022,48.64,10.33,5.87,1.13,3.24,5.83,2.07,3.05,3.47,5.3,F,0,1
HG220313,lake,2022,48.37,12.09,5.29,0.95,3.57,6.56,2.19,1.78,3.96,4.65,M,2,2
HG220314,lake,2022,49.13,12.11,5.22,1.47,3.57,6.21,2.32,3.43,3.72,5.18,M,4,3
HG220315,lake,2022,49.35,12.33,4.82,1.1,3.69,6.22,2.37,3.55,3.55,5.08,M,2,3
HG220316,lake,2022,59.16,13.74,5.49,1.34,3.41,7.45,3.65,3.11,3.61,5.31,F,2,2
HG220317,lake,2022,48.45,10.89,5.66,1.22,3.2,5.98,1.94,2.02,3.46,4.83,F,2,2
HG220318,lake,2022,44.15,10.32,5.11,1.18,2.7,5.04,1.65,1.99,3.31,4.31,F,3,2
HG220319,lake,2022,47.64,11.34,5.76,0.95,3.18,6.36,1.82,2.74,3.45,4.62,F,1,2
HG220320,lake,2022,48.99,11.19,5.12,0.95,3.44,5.27,2.08,3.28,3.99,4.71,M,2,3
HG220321,lake,2022,52.71,13.62,6.16,1.22,4.03,6.78,2.32,3.14,3.63,5.43,M,3,4
HG220322,lake,2022,60.47,14.38,5.83,1.02,4.93,6.8,3.11,3.57,3.91,4.74,M,0,1
HG220323,lake,2022,50.51,12.42,5.94,1.24,4.1,6.68,1.85,3.1,4.25,4.24,M,3,3
HG220324,lake,2022,52.8,12.66,6.52,1.37,4.14,7.31,2.17,3.19,3.69,6.14,M,2,2
HG220325,lake,2022,46.45,10.55,5.31,1.16,2.89,5.4,2.12,2.94,4.07,4.91,F,2,2
HG220326,lake,2022,57.74,13.71,6.53,1.58,4.41,6.35,2.6,3.23,3.46,5.32,M,4,4
HG220327,lake,2022,52.76,13.35,5.65,1.59,4.05,7.35,2.53,3.7,3.7,5.22,M,2,2
HG220328,lake,2022,55.39,12.14,6.02,1.25,3.09,7.22,2.29,3.62,3.95,5.76,F,2,1
HG220329,lake,2022,49.48,11.62,5.69,1.28,3.19,7.07,2.03,3.13,3.87,5.48,F,2,0
HG220330,lake,2022,47.4,11.3,5.73,1.35,3.36,5.66,2.01,NA,3.36,3.26,F,3,2
HG220331,lake,2022,53.21,12.45,5.8,1.38,3.98,5.42,2.17,NA,4.11,4.93,M,2,3
HG220332,lake,2022,55.6,13.11,6.02,1.42,4.18,7.48,2.32,3.94,4.86,6.17,F,3,3
HG220333,lake,2022,56.31,13.36,6.96,1.04,3.67,6.93,2.33,3.45,3.84,5.59,F,2,1
HG220334,lake,2022,48.34,11.22,4.85,1.41,3.29,5.6,NA,2.09,2.69,3.45,F,2,1
HG220335,lake,2022,56.87,13.83,6.47,1.38,3.96,6.67,2.98,3.14,4.56,5.83,F,0,0
HG220336,lake,2022,58.95,14.05,7.33,1.66,4.27,8.62,3.58,3.55,4.53,5.56,F,2,2
HG220337,lake,2022,50.21,11.33,6.3,1.22,3.36,6.43,2.49,2.99,3.89,4.99,M,2,2
HG220338,lake,2022,59.07,13.74,6.76,1.61,4.54,7.1,2.66,3.03,3.45,5.41,M,2,1
HG220339,lake,2022,50.54,13.18,6.5,1.26,3.26,7.17,2.81,3.4,4.53,4.91,M,2,3
HG220340,lake,2022,47.69,12.33,6.36,1.28,3.27,6.91,2.41,3.01,3.73,5.52,M,2,2
HG220341,lake,2018,42.36,10.08,4.92,1.08,2.58,5.27,1.63,2.48,4.23,4.23,F,3,1
HG220342,lake,2018,69.69,15.56,8.08,2,4.82,8.83,4.01,3.93,3.79,5.02,F,4,4
HG220343,lake,2018,49.48,11.91,4.86,0.94,3.81,6.82,2.25,3.3,3.47,4.85,M,2,4
HG220344,lake,2018,63.32,15.48,6.82,1.68,5.16,7.75,2.77,2.83,3.33,4.89,M,3,2
HG220345,lake,2018,47.08,10.96,5.18,1.57,3.54,7.03,1.88,3.07,3.11,3.79,M,4,2
HG220346,lake,2018,50.76,12.12,5.64,1,4.14,6.12,2.1,2.89,3.41,5.03,M,2,4
HG220347,lake,2018,45.51,10.17,5.18,0.97,2.98,5.22,1.61,2.67,3.42,3.93,M,2,3
HG220348,lake,2018,66.31,13.97,7.24,1.37,4.38,9.6,3.96,NA,3.87,5.79,F,3,2
HG220349,lake,2018,43.48,10.19,5.75,1.09,2.65,5.66,1.86,2.18,2.75,4.11,F,1,2
HG220350,lake,2018,68.27,15.09,7.75,1.51,4.91,8.91,3.71,3.17,3.62,5.88,F,2,1
HG220351,lake,2018,62.54,15.62,6.59,1.34,4.45,7.69,3.57,2.91,3.42,4.56,M,2,3
HG220352,lake,2018,46.26,11.96,4.93,1.05,3.05,5.74,1.85,2.65,3.31,4.38,M,1,1
HG220353,lake,2018,46.02,11.33,5.18,1.35,3.63,5.49,1.91,3.2,3.41,4.54,M,3,3
HG220354,lake,2018,68.04,16.56,8.2,1.37,4.79,9.54,3.88,3.39,4.75,5.81,F,0,0
HG220355,lake,2018,47.65,11.96,5.23,1.03,3.4,6.98,1.93,2.9,3.36,4.91,M,3,3
HG220356,lake,2018,50.58,13.05,6.46,1.59,3.51,8.02,2.75,2.94,3.19,4.68,F,1,2
HG220357,lake,2018,34.16,7.97,3.99,0.67,2.08,4.5,1.13,1.56,2.59,3.23,F,1,0
HG220358,lake,2018,64.19,14.43,7.71,1.2,4.55,9.02,3.18,NA,3.17,5.8,F,2,2
HG220359,lake,2018,49.37,12.38,6,0.95,3.51,7.07,2.15,2.87,2.67,4.43,F,1,0
HG220360,lake,2018,46.32,11.43,5.23,1.15,3.36,6.89,1.89,3.25,3.76,5.37,M,2,1
HG220361,lake,2018,44.11,10.96,4.97,1.13,3.09,5.83,2.32,2.8,3.26,3.86,M,3,3
HG220362,lake,2018,43,10.21,5.42,0.98,2.86,5.49,1.73,2.56,3.05,4.46,F,2,1
HG220363,lake,2018,43.21,9.53,5.11,1.03,2.66,5.71,1.76,2.61,3.17,3.55,F,0,0
HG220364,lake,2018,44.85,10.48,5.28,0.92,3.29,5.86,1.57,2.69,3.19,4.58,F,2,1
HG220365,lake,2018,62.83,15.47,7.61,1.66,4.33,8.18,3.92,NA,3.85,5.99,F,0,0
HG220366,lake,2018,64.53,15.18,5.78,1.16,4.69,8.95,3.81,2.67,3.32,5.08,F,3,2
HG220367,lake,2018,45.17,11.17,4.71,0.92,3.18,6.24,2.27,2.94,3.39,4.53,M,3,3
HG220368,lake,2018,47.13,11.26,5.58,1.06,3.59,5.72,1.86,2.72,3.98,5.18,M,0,0
HG220369,lake,2018,49.31,12.04,5.38,1.08,3.44,7.12,2.32,3.06,3.9,4.9,M,0,2
HG220370,lake,2018,58.04,13.62,5.92,1.48,4.4,8.46,3.13,2.22,3.34,4.74,M,5,3
HG220371,lake,2018,60.75,14.2,6.93,1.62,4.49,8.43,3.1,3.61,NA,4.93,M,4,3
HG220372,lake,2018,42.34,10.13,4.55,0.97,2.63,5.68,1.7,2.25,2.36,4.08,M,1,1
HG220373,lake,2018,59.61,15.01,7.11,1.58,4.95,7.36,3.15,2.23,2.91,4.25,M,1,2
HG220374,lake,2018,67.65,16.53,7.02,1.36,4.79,9.56,4.2,NA,3.87,5.36,F,2,3
HG220375,lake,2018,63.86,15.38,7.1,1.6,4.84,8.3,3.03,2.65,3.22,4.97,M,2,0
HG220376,lake,2018,42.07,10.39,4.26,0.75,3.23,5.86,2.06,2.88,2.88,3.85,M,2,3
HG220377,lake,2018,42.82,10.96,4.95,0.67,3,5.56,1.87,2.87,3.45,4,F,2,1
HG220378,lake,2018,44.29,10.12,4.85,0.95,2.74,5.32,1.84,2.78,3.17,4.55,F,3,2
HG220379,lake,2018,64.17,14.96,7.48,1.18,4.41,8.59,4.17,NA,3.39,5.52,F,1,1
HG220380,lake,2018,41.82,10.34,4.68,0.96,2.55,5.33,1.74,3.21,3.22,4.32,M,3,4
HG220381,lake,2018,66.16,15.72,7.42,1.35,4.4,8.28,3.61,3.41,3.93,5.83,F,1,1
HG220382,lake,2018,60.15,15.99,6.75,1.17,4.73,7.49,3.12,2.71,3.22,3.98,M,2,3
HG220383,lake,2018,59.67,14.2,7.19,1.47,4.9,8.26,2.59,2.47,3.37,5.03,M,2,3
HG220384,lake,2018,50.14,12.19,5.21,1.19,3.04,7.48,2.82,2.43,3.29,4.55,F,3,3
HG220385,lake,2018,62.38,14.28,7.09,1.47,4.1,7.31,2.41,3.57,3.67,5.3,M,1,1
HG220386,lake,2018,64.5,14.03,6.62,1.19,4.58,8.3,3.13,NA,3.7,5.79,F,0,0
HG220387,lake,2018,48.67,11.77,5.99,1.02,3.08,6.92,1.93,2.97,3.42,5.14,F,1,2
HG220388,lake,2018,60.16,14.31,5.33,1.24,3.89,8.58,3.18,2.62,3.28,4.26,M,3,3
HG220389,lake,2018,44.52,10.74,4.96,0.91,2.78,5.9,1.78,2.21,3.71,3.54,F,3,3
HG220390,lake,2018,66.55,14.96,6.04,1.97,5.12,9.12,3.56,3.35,3.88,6.17,F,4,3
HG220391,lake,2018,42.81,10.44,5.47,0.91,3.05,5.13,1.7,2.54,2.91,4.49,M,1,3
HG220392,lake,2018,46.03,10.96,5.26,1.13,3.02,6.55,1.76,3.22,3.77,4.96,F,3,3
HG220393,lake,2018,50.48,12.1,5.42,1.15,3.91,6.4,1.94,2.88,3.54,5.01,M,3,3
HG220394,lake,2018,48.96,11.16,5.12,1.21,3.13,6.83,1.84,2.84,3.81,5.01,F,2,2
HG220395,lake,2018,46.73,10.85,5.49,0.81,3.69,6,2.11,2.62,3.07,3.99,M,3,3
HG220396,lake,2018,43.48,10.96,5.09,0.82,3.56,6.38,1.86,2.81,3.18,5.17,M,1,0
HG220397,lake,2018,42.66,9.87,5.01,0.64,2.56,5.42,1.86,2.23,3.16,4.53,F,0,0
HG220398,lake,2018,45.16,10.27,5.34,1.3,3.1,6.33,1.41,2.59,3.57,4.49,F,3,3
HG220399,lake,2018,44.02,10.17,4.7,0.97,2.88,5.68,1.6,2.63,3.36,4.41,F,3,3
HG220400,lake,2018,48.98,11.56,5.56,1.15,3.86,6.45,2.32,3.46,3.8,5.22,F,1,0
HG220401,lake,2018,43.78,10.43,5.01,1,3.09,5.93,1.58,2.6,3.52,4.83,F,3,3
HG220402,lake,2018,47.65,10.86,5.15,1.22,3.18,5.83,1.78,2.41,3.7,4.57,F,2,3
HG220403,lake,2018,44.84,10.85,4.81,0.87,2.64,5.36,1.97,2.56,3.11,4.44,F,4,3
HG220404,lake,2018,48.32,11.89,5.84,1.04,3.43,6.86,2.31,3.04,3.65,5.13,F,2,0
HG220405,lake,2018,46.74,11.47,5.25,0.78,3.16,5.25,1.8,2.2,2.5,3.97,M,0,0
HG220406,lake,2018,45.94,10.95,5.27,1.27,3.16,5.29,1.74,2.66,2.67,4.34,M,0,0
HG220407,lake,2018,45.53,10.78,4.9,1.16,3.17,5.75,1.61,2.96,3.37,4.76,M,3,0
HG220408,lake,2018,47.1,10.93,5.3,0.74,2.93,5.28,1.58,3.05,3.51,4.73,F,2,2
HG220409,lake,2018,38.37,8.54,4.39,0.6,2.21,5.04,1.35,2.25,2.61,3.77,F,1,0
HG220410,lake,2018,40.79,10.09,4.48,0.85,2.84,5.62,1.5,2.61,3.12,3.93,M,0,0
HG220411,lake,2018,44.73,10.58,5.94,0.97,2.96,6.3,1.65,3.29,3.87,5.31,F,2,2
HG220412,lake,2018,38.24,8.76,4.04,0.8,2.16,4.82,1.49,2.36,3.06,4.4,F,2,2
HG220413,lake,2018,43.06,10.06,4.87,0.95,2.7,5.93,1.6,2.98,3.5,4.76,F,4,2
HG220414,lake,2018,41.52,10.13,4.59,0.9,2.78,5.79,1.81,2.75,3.49,4.47,F,2,0
HG220415,lake,2018,44.49,10.06,4.94,0.94,3.12,6.55,1.37,2.65,3.4,4.89,F,2,1
HG220416,lake,2018,41.66,9.56,4.83,0.69,2.19,6.16,1.6,2.24,2.73,4.47,F,2,0
HG220417,lake,2018,41.39,10.28,4.33,0.72,3.28,5.53,1.55,1.96,2.74,3.99,F,1,0
HG220418,lake,2018,41.9,9.65,4.22,0.85,2.38,5.5,1.63,2.73,3.18,4.47,F,3,3
HG220419,lake,2018,38.16,9.17,4.76,0.87,2.29,5.17,1.44,2.38,2.75,3.96,F,1,1
HG220420,lake,2018,37.84,9.09,4.26,0.8,2.5,6.2,1.59,2.34,3.1,3.63,M,2,2
HG220421,lake,2018,43,10.99,5.01,1.03,3.19,5.83,1.83,2.62,2.88,4.13,M,2,3
HG220422,lake,2018,41.13,10.56,4.92,0.79,2.92,6.41,1.46,2.59,3.29,4.78,M,2,1
HG220423,lake,2018,38.11,8.54,4.21,0.76,2.43,4.93,1.27,1.74,2.59,3.39,F,1,1
HG220424,lake,2018,44.88,10.43,4.73,0.86,3.13,6.7,1.59,3.35,3.6,4.5,M,2,3
HG220425,lake,2018,39.53,9.28,4.65,0.54,2.7,5.26,1.72,2.29,2.81,4.19,F,1,1
HG220426,lake,2018,39.98,9.11,4.66,0.71,2.79,5.4,1.62,2.2,3.18,4.63,M,2,3
HG220427,lake,2018,36.32,8.67,4.7,0.92,2.5,5.46,1.38,NA,2.85,3.82,M,1,1
HG220428,lake,2018,38.77,10.05,4.14,0.76,3,6.01,1.46,NA,3.24,4.55,M,0,0
HG220430,lake,2013,54.19,13.44,7.34,1.3,4.32,7.95,2.83,3.1,3.67,5.41,M,0,3
HG220431,lake,2013,60.04,14.05,5.79,1.33,4.37,7.44,3.29,2.69,3.72,5.21,F,2,0
HG220432,lake,2013,61.09,15.78,7.21,1.52,4.84,8.96,4.03,1.93,4.06,5.91,F,1,1
HG220433,lake,2013,52.63,12.67,6.43,1.11,3.88,6.59,2.72,2.03,3.38,5.15,F,0,0
HG220434,lake,2013,69.27,16.14,7.31,1.27,4.81,8.16,4.33,2.6,3.31,5.18,F,2,1
HG220435,lake,2013,53.9,12.76,6.12,0.94,3.74,7.17,2.58,2.84,3.55,4.82,F,0,0
HG220436,lake,2013,62.74,14.49,5.83,1.32,4.51,7.93,3.96,NA,3.06,5.45,F,0,0
HG220437,lake,2013,53.87,13.24,6.41,1.25,4.07,6.85,2.59,3.15,3.86,4.86,F,0,0
HG220438,lake,2013,56.13,13.25,7.11,1.28,3.81,6.94,2.93,2.8,4.02,5.42,F,1,0
HG220439,lake,2013,65.63,14.8,7.28,1.06,5.2,7.83,4.3,3.6,4.03,4.72,F,2,2
HG220440,lake,2013,53.47,13.51,6.37,1.1,3.69,7.33,2.62,3.49,4.07,5.41,F,2,2
HG220441,lake,2013,52.76,12.64,5.52,1.26,3.17,6.95,2.77,2.79,3.42,5.04,F,3,3
HG220442,lake,2013,51.86,12.25,5.97,1.01,3.63,6.94,2.84,3.65,4.63,5.77,F,1,1
HG220443,lake,2012,45.34,11.26,5.62,0.93,3.91,5.11,2.08,2.84,3.44,5.02,M,0,1
HG220446,lake,2012,60.83,14.3,6.24,1.47,4.58,7.12,3.17,2.59,3.23,4.42,M,0,1
HG220447,lake,2012,69.25,14.77,8.01,1.33,4.72,9.93,3.81,3.91,4.26,4.68,F,0,0
HG220448,lake,2012,59.34,15.46,7.84,1.86,4.68,7.89,3.45,2.85,3.02,4.46,M,1,1
HG220449,lake,2012,59.8,15.32,6.72,1.12,5.1,7.84,3.74,2.33,2.72,4.83,M,0,0
HG220450,lake,2012,64.38,14.68,6.11,1.46,4.89,8.87,3.77,3.4,3.92,5.92,F,3,3
HG220451,lake,2012,56.31,13.57,6.65,1.12,4.01,7.4,3.15,3.43,4.19,5.84,F,1,3
HG220452,lake,2012,59.71,14.76,6.87,1.05,4.09,7.71,3.72,2.86,3.95,4.25,F,1,0
HG220453,lake,2012,61.91,15.26,8.29,1.67,4.33,9.38,3.57,2.72,3.57,4.37,F,0,0
HG220454,lake,2012,61,14.75,7.15,1.16,3.87,7.01,2.97,1.94,2.86,4.86,F,2,2
HG220455,lake,2012,40.13,9.73,5.19,0.79,2.8,4.72,1.74,2.19,2.73,4.34,M,0,0
HG220456,lake,2012,59.64,14.62,5.89,1.24,4.86,7.27,4.37,NA,3.73,4.89,F,0,1
HG220457,lake,2012,57.07,13.62,5.94,1.25,4.33,8.17,3.48,NA,3.33,5.53,F,0,0
HG220458,lake,2012,52.94,14.55,5.72,1.46,4.39,6.96,3.35,2.55,2.79,4.6,F,3,3
HG220460,lake,2007,69.68,15.29,7.26,1.03,4.61,8.76,4.24,3.29,3.68,4.63,F,0,0
HG220461,lake,2007,68.29,15.22,7.57,1.5,4.6,9.38,3.98,2.12,4.35,NA,F,0,0
HG220462,lake,2007,63.53,13.32,7.01,1.68,4.3,8.01,3.27,3.77,3.77,4.88,F,0,0
HG220463,lake,2007,65.2,14.64,7.49,1.3,4.64,8.58,4.15,2.18,2.38,4.83,F,0,0
HG220464,lake,2007,63.85,14.5,7.63,1.36,4.66,9.21,4.29,2.68,NA,4.75,F,0,0
HG220465,lake,2007,61.96,14.4,6.97,1.68,4.83,7.68,3.05,3.47,3.68,5.33,M,2,2
HG220466,lake,2007,49.72,10.69,4.74,0.89,3.89,6.08,2.33,NA,NA,3.8,M,1,0
HG220467,lake,2007,67.52,15.62,7.73,1.37,4.94,9.24,3.76,3.65,3.65,6.11,F,0,0
HG220468,lake,2007,63.46,14.13,6.49,1.35,5.15,8.62,3.21,NA,3.27,4.78,M,1,2
HG220469,lake,2007,60.56,13.3,6.04,0.98,4.27,8.38,4.08,NA,NA,4.6,F,0,0
HG220470,lake,2007,68.12,14.3,8.49,1.39,4.6,9.77,4.04,3.01,3.27,5.7,F,0,0
HG220471,lake,2007,60.5,14.63,6.56,1.06,5.03,7.37,3.33,NA,2.75,4.4,M,1,0
HG220472,lake,2007,62.14,14.28,7.84,1.11,4.14,8.61,3.92,3.12,3.31,5.37,F,0,0
HG220473,lake,2007,65.65,15.5,7.77,1.08,4.89,9.22,3.87,NA,3.38,NA,F,2,2
HG220474,lake,2007,57.38,13.56,7.36,1.2,4.77,8.26,2.88,2.54,2.83,4.68,M,1,0
HG220475,lake,2007,56.58,12.91,5.57,1.13,4.38,6.83,3.62,1.98,2.92,3.86,M,0,2
HG220476,lake,2007,52.48,12.33,6.57,1.3,4.64,7.81,2.49,2.59,2.84,4.4,M,1,1
HG220477,lake,2007,38.95,8.4,4.6,0.87,2.56,5.9,1.31,NA,2.62,4.39,F,1,1
HG220508,outlet,2022,49.22,12.06,5.55,0.85,4.03,7.33,1.84,3.16,3.7,4.62,F,2,2
HG220509,outlet,2022,36.84,8.64,4.47,0.62,2.27,4.29,1.24,2.13,2.68,3.15,F,0,1
HG220510,outlet,2022,39.21,9.51,4.55,0.92,2.85,5.62,1.54,2.82,3.42,4.3,M,0,0
HG220511,outlet,2022,37.13,8.85,4.77,0.58,2.91,5.07,1.37,NA,2.86,3.9,M,0,1
HG220512,outlet,2022,36.29,8.65,4.36,0.78,2.54,4.88,1.24,2.1,3.17,3.9,F,0,0
HG220513,outlet,2022,38.98,9.24,4.94,0.61,2.56,4.52,1.59,2.2,2.96,4.41,F,0,0
HG220514,outlet,2022,38.25,9.08,5.53,0.94,2.88,5.13,1.48,2.69,2.72,4.01,M,1,2
HG220515,outlet,2022,35.8,8.3,4.13,0.78,2.26,4.49,1.25,1.78,3.27,3.7,F,0,0
HG220516,outlet,2022,33.97,8.03,4.38,0.93,2.13,4.01,1.14,2.36,2.63,3.13,F,0,0
HG220517,outlet,2022,35.45,8.52,4.91,0.84,2.92,4.9,1.38,NA,2.62,3.72,F,0,0
HG220518,outlet,2022,71.92,15.48,9.33,2,5.2,11.18,4.91,3.34,4.36,5.75,F,0,0
HG220519,outlet,2022,52.3,12.55,6.56,1.58,3.74,7.5,3.14,4.02,5.15,5.5,F,2,2
HG220520,outlet,2022,58.22,15.78,6.74,1.68,4.37,8.84,3.98,3.34,3.64,4.84,F,0,0
HG220521,outlet,2022,51.27,12.2,6.82,2.01,3.39,8.6,2.42,3.77,4.37,4.83,F,0,0
HG220522,outlet,2022,49.88,12.05,6.19,1.49,3.59,6.1,2.33,3.27,3.79,4.42,M,1,0
HG220523,outlet,2022,36.7,8.3,4.39,0.72,2.16,5.85,1.43,NA,3.41,4.23,F,1,0
HG220524,outlet,2022,36.17,8.2,4.19,0.88,2.46,5.07,1.39,1.51,3.42,4.38,F,0,0
HG220525,outlet,2022,37.02,9.12,4.27,0.8,2.28,5.91,1.38,NA,3.35,4.01,F,0,0
HG220526,outlet,2022,36.87,8.53,4.02,0.82,2.93,5.43,1.48,2.13,2.89,4.21,M,0,1
HG220527,outlet,2022,36.51,8.46,4.45,0.85,2.56,5.15,1.51,2,2.81,3.6,M,0,0